Workbook

Sheet Cities
A1: # | B1: City | C1: Country | D1: Region | E1: Type
A2: 1 | B2: Beijing | C2: China | D2: Asia | E2: Capital
A3: 2 | B3: Shanghai | C3: China | D3: Asia | E3: Major city
A4: 3 | B4: Guangzhou | C4: China | D4: Asia | E4: Major city
A5: 4 | B5: Shenzhen | C5: China | D5: Asia | E5: Major city
A6: 5 | B6: Chengdu | C6: China | D6: Asia | E6: Major city
A7: 6 | B7: Chongqing | C7: China | D7: Asia | E7: Major city
A8: 7 | B8: Wuhan | C8: China | D8: Asia | E8: Major city
A9: 8 | B9: Xi'an | C9: China | D9: Asia | E9: Major city
A10: 9 | B10: Hangzhou | C10: China | D10: Asia | E10: Major city
A11: 10 | B11: Nanjing | C11: China | D11: Asia | E11: Major city
A12: 11 | B12: New Delhi | C12: India | D12: Asia | E12: Capital
A13: 12 | B13: Mumbai | C13: India | D13: Asia | E13: Major city
... A401: 400 | B401: Suva | C401: Fiji | D401: Oceania | E401: Capital

Sheet Countries
A1: # | B1: Country | C1: Region | D1: Capital | E1: Cities in list
A2: 1 | B2: Afghanistan | C2: Asia | D2: Kabul | E2: =COUNTIF(Cities!C:C,B2) -> 3
A3: 2 | B3: Albania | C3: Europe | D3: Tirana | E3: =COUNTIF(Cities!C:C,B3) -> 1
A4: 3 | B4: Algeria | C4: Africa | D4: Algiers | E4: =COUNTIF(Cities!C:C,B4) -> 2
A5: 4 | B5: Angola | C5: Africa | D5: Luanda | E5: =COUNTIF(Cities!C:C,B5) -> 1
A6: 5 | B6: Argentina | C6: South America | D6: Buenos Aires | E6: =COUNTIF(Cities!C:C,B6) -> 4
A7: 6 | B7: Armenia | C7: Middle East | D7: Yerevan | E7: =COUNTIF(Cities!C:C,B7) -> 1
A8: 7 | B8: Australia | C8: Oceania | D8: Canberra | E8: =COUNTIF(Cities!C:C,B8) -> 8
A9: 8 | B9: Austria | C9: Europe | D9: Vienna | E9: =COUNTIF(Cities!C:C,B9) -> 3
A10: 9 | B10: Azerbaijan | C10: Middle East | D10: Baku | E10: =COUNTIF(Cities!C:C,B10) -> 1
A11: 10 | B11: Bahrain | C11: Middle East | D11: Manama | E11: =COUNTIF(Cities!C:C,B11) -> 1
A12: 11 | B12: Bangladesh | C12: Asia | D12: Dhaka | E12: =COUNTIF(Cities!C:C,B12) -> 4
A13: 12 | B13: Belarus | C13: Europe | D13: Minsk | E13: =COUNTIF(Cities!C:C,B13) -> 1
... A161: 160 | B161: Zimbabwe | C161: Africa | D161: Harare | E161: =COUNTIF(Cities!C:C,B161) -> 2
B163: Total | E163: =SUM(E2:E161) -> 400
